scope_key,http_method,endpoint_path,operation_title,doc_url
mall.read_store,GET,/api/v2/admin/activitylogs,Retrieve a list of action logs,https://developers.cafe24.com/docs/ko/api/admin/#retrieve-a-list-of-product-category-translations
mall.read_store,GET,/api/v2/admin/activitylogs/{process_no},Retrieve an action log,https://developers.cafe24.com/docs/ko/api/admin/#retrieve-a-list-of-product-category-translations
mall.read_store,GET,/api/v2/admin/automessages/arguments,Retrieve the list of available variables for automated messages,https://developers.cafe24.com/docs/ko/api/admin/#retrieve-a-list-of-product-category-translations
mall.read_store,GET,/api/v2/admin/automessages/setting,Retrieve the automated message settings,https://developers.cafe24.com/docs/ko/api/admin/#retrieve-a-list-of-product-category-translations
mall.write_store,PUT,/api/v2/admin/automessages/setting,Update an automated message,https://developers.cafe24.com/docs/ko/api/admin/#retrieve-a-list-of-product-category-translations
mall.read_store,GET,/api/v2/admin/benefits/setting,Retrieve incentive settings,https://developers.cafe24.com/docs/ko/api/admin/#retrieve-a-list-of-product-category-translations
mall.write_store,PUT,/api/v2/admin/benefits/setting,Update incentive settings,https://developers.cafe24.com/docs/ko/api/admin/#retrieve-a-list-of-product-category-translations
mall.read_store,GET,/api/v2/admin/boards/setting,Retrieve board settings,https://developers.cafe24.com/docs/ko/api/admin/#retrieve-a-list-of-product-category-translations
mall.write_store,PUT,/api/v2/admin/boards/setting,Update board settings,https://developers.cafe24.com/docs/ko/api/admin/#retrieve-a-list-of-product-category-translations
mall.read_store,GET,/api/v2/admin/carts/setting,Retrieve carts settings,https://developers.cafe24.com/docs/ko/api/admin/#retrieve-a-list-of-product-category-translations
mall.read_store,PUT,/api/v2/admin/carts/setting,Update carts settings,https://developers.cafe24.com/docs/ko/api/admin/#retrieve-a-list-of-product-category-translations
mall.read_store,GET,/api/v2/admin/categories/properties/setting,Retrieve additional settings for products in the list,https://developers.cafe24.com/docs/ko/api/admin/#retrieve-a-list-of-product-category-translations
mall.write_store,PUT,/api/v2/admin/categories/properties/setting,Update additional settings for products in the list,https://developers.cafe24.com/docs/ko/api/admin/#retrieve-a-list-of-product-category-translations
mall.read_store,GET,/api/v2/admin/coupons/setting,Retrieve coupon settings,https://developers.cafe24.com/docs/ko/api/admin/#retrieve-a-list-of-product-category-translations
mall.write_store,PUT,/api/v2/admin/coupons/setting,Update coupon settings,https://developers.cafe24.com/docs/ko/api/admin/#retrieve-a-list-of-product-category-translations
mall.read_store,GET,/api/v2/admin/currency,Retrieve currency settings,https://developers.cafe24.com/docs/ko/api/admin/#retrieve-a-list-of-product-category-translations
mall.write_store,PUT,/api/v2/admin/currency,Update a currency,https://developers.cafe24.com/docs/ko/api/admin/#retrieve-a-list-of-product-category-translations
mall.read_store,GET,/api/v2/admin/customers/setting,Retrieve member-related settings,https://developers.cafe24.com/docs/ko/api/admin/#retrieve-a-list-of-product-category-translations
mall.write_store,PUT,/api/v2/admin/customers/setting,Update customers setting,https://developers.cafe24.com/docs/ko/api/admin/#retrieve-a-list-of-product-category-translations
mall.read_store,GET,/api/v2/admin/dashboard,Retrieve a dashboard,https://developers.cafe24.com/docs/ko/api/admin/#retrieve-a-list-of-product-category-translations
mall.read_store,GET,/api/v2/admin/dormantaccount,Retrieve account deactivation settings,https://developers.cafe24.com/docs/ko/api/admin/#retrieve-a-list-of-product-category-translations
mall.write_store,PUT,/api/v2/admin/dormantaccount,Update account deactivation settings,https://developers.cafe24.com/docs/ko/api/admin/#retrieve-a-list-of-product-category-translations
mall.read_store,GET,/api/v2/admin/financials/paymentgateway,Retrieve a list of Payment Gateway contract details,https://developers.cafe24.com/docs/ko/api/admin/#retrieve-a-list-of-product-category-translations
mall.read_store,GET,/api/v2/admin/financials/store,Retrieve the transaction information of a store,https://developers.cafe24.com/docs/ko/api/admin/#retrieve-a-list-of-product-category-translations
mall.read_store,GET,/api/v2/admin/images/setting,Retrieve product image size settings,https://developers.cafe24.com/docs/ko/api/admin/#retrieve-a-list-of-product-category-translations
mall.write_store,PUT,/api/v2/admin/images/setting,Update product image size settings,https://developers.cafe24.com/docs/ko/api/admin/#retrieve-a-list-of-product-category-translations
mall.read_store,GET,/api/v2/admin/information,Retrieve store policies,https://developers.cafe24.com/docs/ko/api/admin/#retrieve-a-list-of-product-category-translations
mall.write_store,PUT,/api/v2/admin/information,Update store policies,https://developers.cafe24.com/docs/ko/api/admin/#retrieve-a-list-of-product-category-translations
mall.read_store,GET,/api/v2/admin/kakaoalimtalk/profile,Retrieve a Kakao Channel sender profile key,https://developers.cafe24.com/docs/ko/api/admin/#retrieve-a-list-of-product-category-translations
mall.read_store,GET,/api/v2/admin/kakaoalimtalk/setting,Retrieve the Kakao Info-talk settings,https://developers.cafe24.com/docs/ko/api/admin/#retrieve-a-list-of-product-category-translations
mall.write_store,PUT,/api/v2/admin/kakaoalimtalk/setting,Update the Kakao Info-talk settings,https://developers.cafe24.com/docs/ko/api/admin/#retrieve-a-list-of-product-category-translations
mall.read_store,GET,/api/v2/admin/kakaopay/setting,Retrieve settings for KakaoPay orders,https://developers.cafe24.com/docs/ko/api/admin/#retrieve-a-list-of-product-category-translations
mall.write_store,PUT,/api/v2/admin/kakaopay/setting,Update settings for KakaoPay orders,https://developers.cafe24.com/docs/ko/api/admin/#retrieve-a-list-of-product-category-translations
mall.read_store,GET,/api/v2/admin/mains/properties/setting,Retrieve additional settings for products on the main screen,https://developers.cafe24.com/docs/ko/api/admin/#retrieve-a-list-of-product-category-translations
mall.write_store,PUT,/api/v2/admin/mains/properties/setting,Update additional settings for products on the main screen,https://developers.cafe24.com/docs/ko/api/admin/#retrieve-a-list-of-product-category-translations
mall.read_store,GET,/api/v2/admin/menus,Retrieve menus,https://developers.cafe24.com/docs/ko/api/admin/#retrieve-a-list-of-product-category-translations
mall.read_store,GET,/api/v2/admin/mobile/setting,Retrieve mobile settings,https://developers.cafe24.com/docs/ko/api/admin/#retrieve-a-list-of-product-category-translations
mall.write_store,PUT,/api/v2/admin/mobile/setting,Update mobile settings,https://developers.cafe24.com/docs/ko/api/admin/#retrieve-a-list-of-product-category-translations
mall.read_store,GET,/api/v2/admin/naverpay/setting,Retrieve Naver Pay settings,https://developers.cafe24.com/docs/ko/api/admin/#retrieve-a-list-of-product-category-translations
mall.write_store,POST,/api/v2/admin/naverpay/setting,Create Naver Pay settings,https://developers.cafe24.com/docs/ko/api/admin/#retrieve-a-list-of-product-category-translations
mall.write_store,PUT,/api/v2/admin/naverpay/setting,Update Naver Pay settings,https://developers.cafe24.com/docs/ko/api/admin/#retrieve-a-list-of-product-category-translations
mall.read_store,GET,/api/v2/admin/orderform/setting,Retrieve the order/order form settings,https://developers.cafe24.com/docs/ko/api/admin/#retrieve-a-list-of-product-category-translations
mall.write_store,PUT,/api/v2/admin/orderform/setting,Update the order/order form settings,https://developers.cafe24.com/docs/ko/api/admin/#retrieve-a-list-of-product-category-translations
mall.read_store,GET,/api/v2/admin/orders/setting,Retrieve Order Settings,https://developers.cafe24.com/docs/ko/api/admin/#retrieve-a-list-of-product-category-translations
mall.write_store,PUT,/api/v2/admin/orders/setting,Update Order settings,https://developers.cafe24.com/docs/ko/api/admin/#retrieve-a-list-of-product-category-translations
mall.read_store,GET,/api/v2/admin/orders/status,Retrieve order status displayed,https://developers.cafe24.com/docs/ko/api/admin/#retrieve-a-list-of-product-category-translations
mall.write_store,PUT,/api/v2/admin/orders/status,Update order status displayed,https://developers.cafe24.com/docs/ko/api/admin/#retrieve-a-list-of-product-category-translations
mall.read_store,GET,/api/v2/admin/payment/setting,Retrieve payment settings,https://developers.cafe24.com/docs/ko/api/admin/#retrieve-a-list-of-product-category-translations
mall.write_store,PUT,/api/v2/admin/payment/setting,Update payment settings,https://developers.cafe24.com/docs/ko/api/admin/#retrieve-a-list-of-product-category-translations
mall.write_store,POST,/api/v2/admin/paymentgateway,Create a Payment Gateway,https://developers.cafe24.com/docs/ko/api/admin/#retrieve-a-list-of-product-category-translations
mall.write_store,PUT,/api/v2/admin/paymentgateway/{client_id},Update a Payment Gateway,https://developers.cafe24.com/docs/ko/api/admin/#retrieve-a-list-of-product-category-translations
mall.write_store,DELETE,/api/v2/admin/paymentgateway/{client_id},Delete a Payment Gateway,https://developers.cafe24.com/docs/ko/api/admin/#retrieve-a-list-of-product-category-translations
mall.read_store,GET,/api/v2/admin/paymentgateway/{client_id}/paymentmethods,Retrieve a list of Payment Gateway methods,https://developers.cafe24.com/docs/ko/api/admin/#retrieve-a-list-of-product-category-translations
mall.write_store,POST,/api/v2/admin/paymentgateway/{client_id}/paymentmethods,Create a Payment Gateway method,https://developers.cafe24.com/docs/ko/api/admin/#retrieve-a-list-of-product-category-translations
mall.write_store,PUT,/api/v2/admin/paymentgateway/{client_id}/paymentmethods/{payment_method_code},Update a payment method of a Payment Gateway,https://developers.cafe24.com/docs/ko/api/admin/#retrieve-a-list-of-product-category-translations
mall.write_store,DELETE,/api/v2/admin/paymentgateway/{client_id}/paymentmethods/{payment_method_code},Delete a payment method of a Payment Gateway,https://developers.cafe24.com/docs/ko/api/admin/#retrieve-a-list-of-product-category-translations
mall.read_store,GET,/api/v2/admin/paymentmethods,Retrieve a list of payment methods,https://developers.cafe24.com/docs/ko/api/admin/#retrieve-a-list-of-product-category-translations
mall.read_store,GET,/api/v2/admin/paymentmethods/{code}/paymentproviders,Retrieve a list of providers by payment method,https://developers.cafe24.com/docs/ko/api/admin/#retrieve-a-list-of-product-category-translations
mall.write_store,PUT,/api/v2/admin/paymentmethods/{code}/paymentproviders/{name},Update the display status of a payment method,https://developers.cafe24.com/docs/ko/api/admin/#retrieve-a-list-of-product-category-translations
mall.read_store,GET,/api/v2/admin/paymentservices,Retrieve a list of PG settings,https://developers.cafe24.com/docs/ko/api/admin/#retrieve-a-list-of-product-category-translations
mall.read_store,GET,/api/v2/admin/points/setting,Retrieve points settings,https://developers.cafe24.com/docs/ko/api/admin/#retrieve-a-list-of-product-category-translations
mall.write_store,PUT,/api/v2/admin/points/setting,Update points settings,https://developers.cafe24.com/docs/ko/api/admin/#retrieve-a-list-of-product-category-translations
mall.read_store,GET,/api/v2/admin/policy,Retrieve a store profile,https://developers.cafe24.com/docs/ko/api/admin/#retrieve-a-list-of-product-category-translations
mall.write_store,PUT,/api/v2/admin/policy,Update a store profile,https://developers.cafe24.com/docs/ko/api/admin/#retrieve-a-list-of-product-category-translations
mall.read_store,GET,/api/v2/admin/privacy/boards,Retrieve privacy policy for posting on board,https://developers.cafe24.com/docs/ko/api/admin/#retrieve-a-list-of-product-category-translations
mall.write_store,PUT,/api/v2/admin/privacy/boards,Update privacy policy for posting on board,https://developers.cafe24.com/docs/ko/api/admin/#retrieve-a-list-of-product-category-translations
mall.read_store,GET,/api/v2/admin/privacy/join,Retrieve privacy policy for signup,https://developers.cafe24.com/docs/ko/api/admin/#retrieve-a-list-of-product-category-translations
mall.write_store,PUT,/api/v2/admin/privacy/join,Update privacy policy for signup,https://developers.cafe24.com/docs/ko/api/admin/#retrieve-a-list-of-product-category-translations
mall.read_store,GET,/api/v2/admin/privacy/orders,Retrieve privacy policy for checkout,https://developers.cafe24.com/docs/ko/api/admin/#retrieve-a-list-of-product-category-translations
mall.write_store,PUT,/api/v2/admin/privacy/orders,Update privacy policy for checkout,https://developers.cafe24.com/docs/ko/api/admin/#retrieve-a-list-of-product-category-translations
mall.read_store,GET,/api/v2/admin/products/display/setting,List all products display setting,https://developers.cafe24.com/docs/ko/api/admin/#retrieve-a-list-of-product-category-translations
mall.write_store,PUT,/api/v2/admin/products/display/setting,Update a products display setting,https://developers.cafe24.com/docs/ko/api/admin/#retrieve-a-list-of-product-category-translations
mall.read_store,GET,/api/v2/admin/products/properties/setting,Retrieve additional settings for product details,https://developers.cafe24.com/docs/ko/api/admin/#retrieve-a-list-of-product-category-translations
mall.write_store,PUT,/api/v2/admin/products/properties/setting,Update additional settings for product details,https://developers.cafe24.com/docs/ko/api/admin/#retrieve-a-list-of-product-category-translations
mall.read_store,GET,/api/v2/admin/products/setting,Retrieve product settings,https://developers.cafe24.com/docs/ko/api/admin/#retrieve-a-list-of-product-category-translations
mall.read_store,GET,/api/v2/admin/redirects,Retrieve a list of redirects,https://developers.cafe24.com/docs/ko/api/admin/#retrieve-a-list-of-product-category-translations
mall.write_store,POST,/api/v2/admin/redirects,Create a redirect,https://developers.cafe24.com/docs/ko/api/admin/#retrieve-a-list-of-product-category-translations
mall.write_store,PUT,/api/v2/admin/redirects/{id},Update a redirect,https://developers.cafe24.com/docs/ko/api/admin/#retrieve-a-list-of-product-category-translations
mall.write_store,DELETE,/api/v2/admin/redirects/{id},Delete a redirect,https://developers.cafe24.com/docs/ko/api/admin/#retrieve-a-list-of-product-category-translations
mall.read_store,GET,/api/v2/admin/restocknotification/setting,Retrieve restocknotification settings,https://developers.cafe24.com/docs/ko/api/admin/#retrieve-a-list-of-product-category-translations
mall.write_store,PUT,/api/v2/admin/restocknotification/setting,Updated restocknotification settings,https://developers.cafe24.com/docs/ko/api/admin/#retrieve-a-list-of-product-category-translations
mall.read_store,GET,/api/v2/admin/seo/setting,Retrieve SEO settings,https://developers.cafe24.com/docs/ko/api/admin/#retrieve-a-list-of-product-category-translations
mall.write_store,PUT,/api/v2/admin/seo/setting,Update store SEO settings,https://developers.cafe24.com/docs/ko/api/admin/#retrieve-a-list-of-product-category-translations
mall.read_store,GET,/api/v2/admin/shippingmanager,Retrieve activation information for Shipping Manager,https://developers.cafe24.com/docs/ko/api/admin/#retrieve-a-list-of-product-category-translations
mall.read_store,GET,/api/v2/admin/shops,Retrieve a list of shops,https://developers.cafe24.com/docs/ko/api/admin/#retrieve-a-list-of-product-category-translations
mall.read_store,GET,/api/v2/admin/shops/{shop_no},Retrieve a shop,https://developers.cafe24.com/docs/ko/api/admin/#retrieve-a-list-of-product-category-translations
mall.read_store,GET,/api/v2/admin/sms/setting,Retrieve SMS settings,https://developers.cafe24.com/docs/ko/api/admin/#retrieve-a-list-of-product-category-translations
mall.write_store,PUT,/api/v2/admin/sms/setting,Update SMS settings,https://developers.cafe24.com/docs/ko/api/admin/#retrieve-a-list-of-product-category-translations
mall.read_store,GET,/api/v2/admin/socials/apple,Apple login sync details,https://developers.cafe24.com/docs/ko/api/admin/#retrieve-a-list-of-product-category-translations
mall.write_store,PUT,/api/v2/admin/socials/apple,Apple login sync settings,https://developers.cafe24.com/docs/ko/api/admin/#retrieve-a-list-of-product-category-translations
mall.read_store,GET,/api/v2/admin/socials/kakaosync,Kakao Sync details,https://developers.cafe24.com/docs/ko/api/admin/#retrieve-a-list-of-product-category-translations
mall.write_store,PUT,/api/v2/admin/socials/kakaosync,Kakao Sync updates,https://developers.cafe24.com/docs/ko/api/admin/#retrieve-a-list-of-product-category-translations
mall.read_store,GET,/api/v2/admin/socials/naverlogin,Naver login details,https://developers.cafe24.com/docs/ko/api/admin/#retrieve-a-list-of-product-category-translations
mall.write_store,PUT,/api/v2/admin/socials/naverlogin,Update Naver login settings,https://developers.cafe24.com/docs/ko/api/admin/#retrieve-a-list-of-product-category-translations
mall.read_store,GET,/api/v2/admin/socials/navershopping,NAVER Shopping settings,https://developers.cafe24.com/docs/ko/api/admin/#retrieve-a-list-of-product-category-translations
mall.read_store,GET,/api/v2/admin/store,Retrieve store details,https://developers.cafe24.com/docs/ko/api/admin/#retrieve-a-list-of-product-category-translations
mall.read_store,GET,/api/v2/admin/store/accounts,Retrieve a list of store bank accounts,https://developers.cafe24.com/docs/ko/api/admin/#retrieve-a-list-of-product-category-translations
mall.read_store,GET,/api/v2/admin/store/dropshipping,Retrieve dropshipping settings,https://developers.cafe24.com/docs/ko/api/admin/#retrieve-a-list-of-product-category-translations
mall.write_store,PUT,/api/v2/admin/store/dropshipping,Manage dropshipping settings,https://developers.cafe24.com/docs/ko/api/admin/#retrieve-a-list-of-product-category-translations
mall.read_store,GET,/api/v2/admin/subscription/shipments/setting,Retrieve a list of subscription products,https://developers.cafe24.com/docs/ko/api/admin/#retrieve-a-list-of-product-category-translations
mall.write_store,POST,/api/v2/admin/subscription/shipments/setting,Create a subscription payment rule,https://developers.cafe24.com/docs/ko/api/admin/#retrieve-a-list-of-product-category-translations
mall.write_store,PUT,/api/v2/admin/subscription/shipments/setting/{subscription_no},Update subscription products,https://developers.cafe24.com/docs/ko/api/admin/#retrieve-a-list-of-product-category-translations
mall.write_store,DELETE,/api/v2/admin/subscription/shipments/setting/{subscription_no},Delete subscription products,https://developers.cafe24.com/docs/ko/api/admin/#retrieve-a-list-of-product-category-translations
mall.read_store,GET,/api/v2/admin/taxmanager,Retrieve activation information for Tax Manager,https://developers.cafe24.com/docs/ko/api/admin/#retrieve-a-list-of-product-category-translations
mall.read_store,GET,/api/v2/admin/users,Retrieve a list of admin users,https://developers.cafe24.com/docs/ko/api/admin/#retrieve-a-list-of-product-category-translations
mall.read_store,GET,/api/v2/admin/users/{user_id},Retrieve admin user details,https://developers.cafe24.com/docs/ko/api/admin/#retrieve-a-list-of-product-category-translations
mall.read_product,GET,/api/v2/admin/bundleproducts,Retrieve a list of bundles,https://developers.cafe24.com/docs/ko/api/admin/#retrieve-a-list-of-product-category-translations
mall.read_product,GET,/api/v2/admin/bundleproducts/{product_no},Retrieve a bundle,https://developers.cafe24.com/docs/ko/api/admin/#retrieve-a-list-of-product-category-translations
mall.write_product,POST,/api/v2/admin/bundleproducts,Create a bundle,https://developers.cafe24.com/docs/ko/api/admin/#retrieve-a-list-of-product-category-translations
mall.write_product,PUT,/api/v2/admin/bundleproducts/{product_no},Update a bundle,https://developers.cafe24.com/docs/ko/api/admin/#retrieve-a-list-of-product-category-translations
mall.write_product,DELETE,/api/v2/admin/bundleproducts/{product_no},Delete a bundle,https://developers.cafe24.com/docs/ko/api/admin/#retrieve-a-list-of-product-category-translations
mall.read_product,GET,/api/v2/admin/categories/{category_no}/products,Retrieve a list of products by category,https://developers.cafe24.com/docs/ko/api/admin/#retrieve-a-list-of-product-category-translations
mall.read_product,GET,/api/v2/admin/categories/{category_no}/products/count,Retrieve a count of products by category,https://developers.cafe24.com/docs/ko/api/admin/#retrieve-a-list-of-product-category-translations
mall.write_product,POST,/api/v2/admin/categories/{category_no}/products,Add products to a category,https://developers.cafe24.com/docs/ko/api/admin/#retrieve-a-list-of-product-category-translations
mall.write_product,PUT,/api/v2/admin/categories/{category_no}/products,Update a product in product category,https://developers.cafe24.com/docs/ko/api/admin/#retrieve-a-list-of-product-category-translations
mall.write_product,DELETE,/api/v2/admin/categories/{category_no}/products/{product_no},Delete a product by category,https://developers.cafe24.com/docs/ko/api/admin/#retrieve-a-list-of-product-category-translations
mall.read_product,GET,/api/v2/admin/categories/properties,Retrieve fields for products in the list,https://developers.cafe24.com/docs/ko/api/admin/#retrieve-a-list-of-product-category-translations
mall.write_product,POST,/api/v2/admin/categories/properties,Create a field for product list page,https://developers.cafe24.com/docs/ko/api/admin/#retrieve-a-list-of-product-category-translations
mall.write_product,PUT,/api/v2/admin/categories/properties,Update fields for products in the list,https://developers.cafe24.com/docs/ko/api/admin/#retrieve-a-list-of-product-category-translations
mall.read_product,GET,/api/v2/admin/mains/{display_group}/products,Retrieve a list of products in main category,https://developers.cafe24.com/docs/ko/api/admin/#retrieve-a-list-of-product-category-translations
mall.read_product,GET,/api/v2/admin/mains/{display_group}/products/count,Retrieve a count of products in main category,https://developers.cafe24.com/docs/ko/api/admin/#retrieve-a-list-of-product-category-translations
mall.write_product,POST,/api/v2/admin/mains/{display_group}/products,Set main category products,https://developers.cafe24.com/docs/ko/api/admin/#retrieve-a-list-of-product-category-translations
mall.write_product,PUT,/api/v2/admin/mains/{display_group}/products,Update fixed sorting of products in main category,https://developers.cafe24.com/docs/ko/api/admin/#retrieve-a-list-of-product-category-translations
mall.write_product,DELETE,/api/v2/admin/mains/{display_group}/products/{product_no},Delete a product in main category,https://developers.cafe24.com/docs/ko/api/admin/#retrieve-a-list-of-product-category-translations
mall.read_product,GET,/api/v2/admin/mains/properties,Retrieve fields for products on the main screen,https://developers.cafe24.com/docs/ko/api/admin/#retrieve-a-list-of-product-category-translations
mall.write_product,POST,/api/v2/admin/mains/properties,Create a field for home page,https://developers.cafe24.com/docs/ko/api/admin/#retrieve-a-list-of-product-category-translations
mall.write_product,PUT,/api/v2/admin/mains/properties,Update fields for products on the main screen,https://developers.cafe24.com/docs/ko/api/admin/#retrieve-a-list-of-product-category-translations
mall.read_product,GET,/api/v2/admin/products,Retrieve a list of products,https://developers.cafe24.com/docs/ko/api/admin/#retrieve-a-list-of-product-category-translations
mall.read_product,GET,/api/v2/admin/products/count,Retrieve a count of products,https://developers.cafe24.com/docs/ko/api/admin/#retrieve-a-list-of-product-category-translations
mall.read_product,GET,/api/v2/admin/products/{product_no},Retrieve a product resource,https://developers.cafe24.com/docs/ko/api/admin/#retrieve-a-list-of-product-category-translations
mall.write_product,POST,/api/v2/admin/products,Create a product,https://developers.cafe24.com/docs/ko/api/admin/#retrieve-a-list-of-product-category-translations
mall.write_product,PUT,/api/v2/admin/products/{product_no},Update a product,https://developers.cafe24.com/docs/ko/api/admin/#retrieve-a-list-of-product-category-translations
mall.write_product,DELETE,/api/v2/admin/products/{product_no},Delete a product,https://developers.cafe24.com/docs/ko/api/admin/#retrieve-a-list-of-product-category-translations
mall.write_product,POST,/api/v2/admin/products/{product_no}/additionalimages,Create an additional product image,https://developers.cafe24.com/docs/ko/api/admin/#retrieve-a-list-of-product-category-translations
mall.write_product,PUT,/api/v2/admin/products/{product_no}/additionalimages,Update an additional product image,https://developers.cafe24.com/docs/ko/api/admin/#retrieve-a-list-of-product-category-translations
mall.write_product,DELETE,/api/v2/admin/products/{product_no}/additionalimages,Delete an additional product image,https://developers.cafe24.com/docs/ko/api/admin/#retrieve-a-list-of-product-category-translations
mall.read_product,GET,/api/v2/admin/products/{product_no}/approve,Retrieve a product approval status,https://developers.cafe24.com/docs/ko/api/admin/#retrieve-a-list-of-product-category-translations
mall.write_product,POST,/api/v2/admin/products/{product_no}/approve,Create a product approval request,https://developers.cafe24.com/docs/ko/api/admin/#retrieve-a-list-of-product-category-translations
mall.write_product,PUT,/api/v2/admin/products/{product_no}/approve,Update a product approval status,https://developers.cafe24.com/docs/ko/api/admin/#retrieve-a-list-of-product-category-translations
mall.read_product,GET,/api/v2/admin/products/{product_no}/customproperties,Retrieve user-defined properties by product,https://developers.cafe24.com/docs/ko/api/admin/#retrieve-a-list-of-product-category-translations
mall.write_product,PUT,/api/v2/admin/products/{product_no}/customproperties/{property_no},Update user-defined properties by product,https://developers.cafe24.com/docs/ko/api/admin/#retrieve-a-list-of-product-category-translations
mall.write_product,DELETE,/api/v2/admin/products/{product_no}/customproperties/{property_no},Delete user-defined properties by product,https://developers.cafe24.com/docs/ko/api/admin/#retrieve-a-list-of-product-category-translations
mall.read_product,GET,/api/v2/admin/products/{product_no}/decorationimages,Retrieve a list of product decoration images,https://developers.cafe24.com/docs/ko/api/admin/#retrieve-a-list-of-product-category-translations
mall.write_product,POST,/api/v2/admin/products/{product_no}/decorationimages,Set decoration images for a product,https://developers.cafe24.com/docs/ko/api/admin/#retrieve-a-list-of-product-category-translations
mall.write_product,PUT,/api/v2/admin/products/{product_no}/decorationimages,Update product decoration images,https://developers.cafe24.com/docs/ko/api/admin/#retrieve-a-list-of-product-category-translations
mall.write_product,DELETE,/api/v2/admin/products/{product_no}/decorationimages/{code},Remove a product decoration image,https://developers.cafe24.com/docs/ko/api/admin/#retrieve-a-list-of-product-category-translations
mall.read_product,GET,/api/v2/admin/products/{product_no}/discountprice,Retrieve a product discounted price,https://developers.cafe24.com/docs/ko/api/admin/#retrieve-a-list-of-product-category-translations
mall.read_product,GET,/api/v2/admin/products/{product_no}/hits/count,Retrieve a count of product views,https://developers.cafe24.com/docs/ko/api/admin/#retrieve-a-list-of-product-category-translations
mall.read_product,GET,/api/v2/admin/products/{product_no}/icons,Retrieve a list of product icons,https://developers.cafe24.com/docs/ko/api/admin/#retrieve-a-list-of-product-category-translations
mall.write_product,POST,/api/v2/admin/products/{product_no}/icons,Set icons for a product,https://developers.cafe24.com/docs/ko/api/admin/#retrieve-a-list-of-product-category-translations
mall.write_product,PUT,/api/v2/admin/products/{product_no}/icons,Update product icons,https://developers.cafe24.com/docs/ko/api/admin/#retrieve-a-list-of-product-category-translations
mall.write_product,DELETE,/api/v2/admin/products/{product_no}/icons/{code},Remove a product icon,https://developers.cafe24.com/docs/ko/api/admin/#retrieve-a-list-of-product-category-translations
mall.write_product,POST,/api/v2/admin/products/{product_no}/images,Upload product images,https://developers.cafe24.com/docs/ko/api/admin/#retrieve-a-list-of-product-category-translations
mall.write_product,DELETE,/api/v2/admin/products/{product_no}/images,Delete product images,https://developers.cafe24.com/docs/ko/api/admin/#retrieve-a-list-of-product-category-translations
mall.read_product,GET,/api/v2/admin/products/{product_no}/memos,Retrieve a list of product memos,https://developers.cafe24.com/docs/ko/api/admin/#retrieve-a-list-of-product-category-translations
mall.read_product,GET,/api/v2/admin/products/{product_no}/memos/{memo_no},Retrieve a product memo,https://developers.cafe24.com/docs/ko/api/admin/#retrieve-a-list-of-product-category-translations
mall.write_product,POST,/api/v2/admin/products/{product_no}/memos,Create a product memo,https://developers.cafe24.com/docs/ko/api/admin/#retrieve-a-list-of-product-category-translations
mall.write_product,PUT,/api/v2/admin/products/{product_no}/memos/{memo_no},Update a product memo,https://developers.cafe24.com/docs/ko/api/admin/#retrieve-a-list-of-product-category-translations
mall.write_product,DELETE,/api/v2/admin/products/{product_no}/memos/{memo_no},Delete a product memo,https://developers.cafe24.com/docs/ko/api/admin/#retrieve-a-list-of-product-category-translations
mall.read_product,GET,/api/v2/admin/products/{product_no}/options,Retrieve a list of product options,https://developers.cafe24.com/docs/ko/api/admin/#retrieve-a-list-of-product-category-translations
mall.write_product,POST,/api/v2/admin/products/{product_no}/options,Create product options,https://developers.cafe24.com/docs/ko/api/admin/#retrieve-a-list-of-product-category-translations
mall.write_product,PUT,/api/v2/admin/products/{product_no}/options,Update product options,https://developers.cafe24.com/docs/ko/api/admin/#retrieve-a-list-of-product-category-translations
mall.write_product,DELETE,/api/v2/admin/products/{product_no}/options,Delete a product option,https://developers.cafe24.com/docs/ko/api/admin/#retrieve-a-list-of-product-category-translations
mall.read_product,GET,/api/v2/admin/products/{product_no}/seo,Retrieve a product's SEO settings,https://developers.cafe24.com/docs/ko/api/admin/#retrieve-a-list-of-product-category-translations
mall.write_product,PUT,/api/v2/admin/products/{product_no}/seo,Update product SEO settings,https://developers.cafe24.com/docs/ko/api/admin/#retrieve-a-list-of-product-category-translations
mall.read_product,GET,/api/v2/admin/products/{product_no}/tags/count,Retrieve a count of a product's product tags,https://developers.cafe24.com/docs/ko/api/admin/#retrieve-a-list-of-product-category-translations
mall.read_product,GET,/api/v2/admin/products/{product_no}/tags,Retrieve a list of a product's product tags,https://developers.cafe24.com/docs/ko/api/admin/#retrieve-a-list-of-product-category-translations
mall.write_product,POST,/api/v2/admin/products/{product_no}/tags,Create product tags,https://developers.cafe24.com/docs/ko/api/admin/#retrieve-a-list-of-product-category-translations
mall.write_product,DELETE,/api/v2/admin/products/{product_no}/tags/{tag},Delete a product tag,https://developers.cafe24.com/docs/ko/api/admin/#retrieve-a-list-of-product-category-translations
mall.read_product,GET,/api/v2/admin/products/{product_no}/variants,Retrieve a list of product variants,https://developers.cafe24.com/docs/ko/api/admin/#retrieve-a-list-of-product-category-translations
mall.read_product,GET,/api/v2/admin/products/{product_no}/variants/{variant_code},Retrieve a product variant,https://developers.cafe24.com/docs/ko/api/admin/#retrieve-a-list-of-product-category-translations
mall.write_product,PUT,/api/v2/admin/products/{product_no}/variants/{variant_code},Update a product variant,https://developers.cafe24.com/docs/ko/api/admin/#retrieve-a-list-of-product-category-translations
mall.write_product,PUT,/api/v2/admin/products/{product_no}/variants,Update multiple product variants,https://developers.cafe24.com/docs/ko/api/admin/#retrieve-a-list-of-product-category-translations
mall.write_product,DELETE,/api/v2/admin/products/{product_no}/variants/{variant_code},Delete a product variant,https://developers.cafe24.com/docs/ko/api/admin/#retrieve-a-list-of-product-category-translations
mall.read_product,GET,/api/v2/admin/products/{product_no}/variants/{variant_code}/inventories,Retrieve inventory details of a product variant,https://developers.cafe24.com/docs/ko/api/admin/#retrieve-a-list-of-product-category-translations
mall.write_product,PUT,/api/v2/admin/products/{product_no}/variants/{variant_code}/inventories,Update a product variant inventory,https://developers.cafe24.com/docs/ko/api/admin/#retrieve-a-list-of-product-category-translations
mall.read_product,GET,/api/v2/admin/products/customproperties,Retrieve user-defined properties,https://developers.cafe24.com/docs/ko/api/admin/#retrieve-a-list-of-product-category-translations
mall.write_product,POST,/api/v2/admin/products/customproperties,Create user-defined properties,https://developers.cafe24.com/docs/ko/api/admin/#retrieve-a-list-of-product-category-translations
mall.write_product,PUT,/api/v2/admin/products/customproperties/{property_no},Update user-defined properties,https://developers.cafe24.com/docs/ko/api/admin/#retrieve-a-list-of-product-category-translations
mall.write_product,DELETE,/api/v2/admin/products/customproperties/{property_no},Delete user-defined properties,https://developers.cafe24.com/docs/ko/api/admin/#retrieve-a-list-of-product-category-translations
mall.read_product,GET,/api/v2/admin/products/decorationimages,Retrieve a list of decoration images,https://developers.cafe24.com/docs/ko/api/admin/#retrieve-a-list-of-product-category-translations
mall.read_product,GET,/api/v2/admin/products/icons,Retrieve a list of icons,https://developers.cafe24.com/docs/ko/api/admin/#retrieve-a-list-of-product-category-translations
mall.write_product,POST,/api/v2/admin/products/images,Upload images,https://developers.cafe24.com/docs/ko/api/admin/#retrieve-a-list-of-product-category-translations
mall.read_product,GET,/api/v2/admin/products/properties,Retrieve fields for product details,https://developers.cafe24.com/docs/ko/api/admin/#retrieve-a-list-of-product-category-translations
mall.write_product,POST,/api/v2/admin/products/properties,Create a field for product details page,https://developers.cafe24.com/docs/ko/api/admin/#retrieve-a-list-of-product-category-translations
mall.write_product,PUT,/api/v2/admin/products/properties,Update fields for product details,https://developers.cafe24.com/docs/ko/api/admin/#retrieve-a-list-of-product-category-translations
mall.read_order,GET,/api/v2/admin/cancellation/{claim_code},Retrieve an order cancellation,https://developers.cafe24.com/docs/ko/api/admin/#retrieve-a-list-of-product-category-translations
mall.write_order,POST,/api/v2/admin/cancellation,Create multiple order cancellations,https://developers.cafe24.com/docs/ko/api/admin/#retrieve-a-list-of-product-category-translations
mall.write_order,PUT,/api/v2/admin/cancellation,Change cancellation details in bulk,https://developers.cafe24.com/docs/ko/api/admin/#retrieve-a-list-of-product-category-translations
mall.write_order,POST,/api/v2/admin/cancellationrequests,Create a cancellation request for multiple items,https://developers.cafe24.com/docs/ko/api/admin/#retrieve-a-list-of-product-category-translations
mall.write_order,PUT,/api/v2/admin/cancellationrequests,Reject a cancellation request for multiple items,https://developers.cafe24.com/docs/ko/api/admin/#retrieve-a-list-of-product-category-translations
mall.read_order,GET,/api/v2/admin/cashreceipt,Retrieve a list of cash receipts,https://developers.cafe24.com/docs/ko/api/admin/#retrieve-a-list-of-product-category-translations
mall.write_order,POST,/api/v2/admin/cashreceipt,Create a cash receipt,https://developers.cafe24.com/docs/ko/api/admin/#retrieve-a-list-of-product-category-translations
mall.write_order,PUT,/api/v2/admin/cashreceipt/{cashreceipt_no},Update a cash receipt,https://developers.cafe24.com/docs/ko/api/admin/#retrieve-a-list-of-product-category-translations
mall.write_order,PUT,/api/v2/admin/cashreceipt/{cashreceipt_no}/cancellation,Update a cash receipt cancellation,https://developers.cafe24.com/docs/ko/api/admin/#retrieve-a-list-of-product-category-translations
mall.write_order,PUT,/api/v2/admin/collectrequests/{request_no},Update a collection request,https://developers.cafe24.com/docs/ko/api/admin/#retrieve-a-list-of-product-category-translations
mall.write_order,PUT,/api/v2/admin/control,Order control,https://developers.cafe24.com/docs/ko/api/admin/#retrieve-a-list-of-product-category-translations
mall.read_order,GET,/api/v2/admin/exchange/{claim_code},Retrieve an exchange,https://developers.cafe24.com/docs/ko/api/admin/#retrieve-a-list-of-product-category-translations
mall.write_order,POST,/api/v2/admin/exchange,Create multiple exchanges,https://developers.cafe24.com/docs/ko/api/admin/#retrieve-a-list-of-product-category-translations
mall.write_order,PUT,/api/v2/admin/exchange,Update multiple order exchanges,https://developers.cafe24.com/docs/ko/api/admin/#retrieve-a-list-of-product-category-translations
mall.write_order,POST,/api/v2/admin/exchangerequests,Bulk exchange request API,https://developers.cafe24.com/docs/ko/api/admin/#retrieve-a-list-of-product-category-translations
mall.write_order,PUT,/api/v2/admin/exchangerequests,Reject an exchange request for multiple items,https://developers.cafe24.com/docs/ko/api/admin/#retrieve-a-list-of-product-category-translations
mall.write_order,POST,/api/v2/admin/fulfillments,Create shipping information for multiple orders via Fulfillment,https://developers.cafe24.com/docs/ko/api/admin/#retrieve-a-list-of-product-category-translations
mall.read_order,GET,/api/v2/admin/labels,Retrieve order labels,https://developers.cafe24.com/docs/ko/api/admin/#retrieve-a-list-of-product-category-translations
mall.write_order,POST,/api/v2/admin/labels,Create multiple order labels,https://developers.cafe24.com/docs/ko/api/admin/#retrieve-a-list-of-product-category-translations
mall.read_order,GET,/api/v2/admin/orderform/properties,Retrieve an additional checkout field,https://developers.cafe24.com/docs/ko/api/admin/#retrieve-a-list-of-product-category-translations
mall.write_order,POST,/api/v2/admin/orderform/properties,Create an additional checkout field,https://developers.cafe24.com/docs/ko/api/admin/#retrieve-a-list-of-product-category-translations
mall.write_order,PUT,/api/v2/admin/orderform/properties/{orderform_property_id},Update an additional checkout field,https://developers.cafe24.com/docs/ko/api/admin/#retrieve-a-list-of-product-category-translations
mall.write_order,DELETE,/api/v2/admin/orderform/properties/{orderform_property_id},Delete an additional checkout field,https://developers.cafe24.com/docs/ko/api/admin/#retrieve-a-list-of-product-category-translations
mall.read_order,GET,/api/v2/admin/orders,Retrieve a list of orders,https://developers.cafe24.com/docs/ko/api/admin/#retrieve-a-list-of-product-category-translations
mall.read_order,GET,/api/v2/admin/orders/{order_id},Retrieve an order,https://developers.cafe24.com/docs/ko/api/admin/#retrieve-a-list-of-product-category-translations
mall.read_order,GET,/api/v2/admin/orders/count,Retrieve a count of orders,https://developers.cafe24.com/docs/ko/api/admin/#retrieve-a-list-of-product-category-translations
mall.write_order,PUT,/api/v2/admin/orders,Update status for multiple orders,https://developers.cafe24.com/docs/ko/api/admin/#retrieve-a-list-of-product-category-translations
mall.write_order,PUT,/api/v2/admin/orders/{order_id},Update an order status,https://developers.cafe24.com/docs/ko/api/admin/#retrieve-a-list-of-product-category-translations
mall.write_order,DELETE,/api/v2/admin/orders/{order_id}/autocalculation,Remove auto calculation setting of an order,https://developers.cafe24.com/docs/ko/api/admin/#retrieve-a-list-of-product-category-translations
mall.read_order,GET,/api/v2/admin/orders/{order_id}/buyer,Retrieve customer details of an order,https://developers.cafe24.com/docs/ko/api/admin/#retrieve-a-list-of-product-category-translations
mall.write_order,PUT,/api/v2/admin/orders/{order_id}/buyer,Update customer information of an order,https://developers.cafe24.com/docs/ko/api/admin/#retrieve-a-list-of-product-category-translations
mall.read_order,GET,/api/v2/admin/orders/{order_id}/buyer/history,Retrieve a list of customer history of an order,https://developers.cafe24.com/docs/ko/api/admin/#retrieve-a-list-of-product-category-translations
mall.write_order,POST,/api/v2/admin/orders/{order_id}/cancellation,Create an order cancellation,https://developers.cafe24.com/docs/ko/api/admin/#retrieve-a-list-of-product-category-translations
mall.write_order,PUT,/api/v2/admin/orders/{order_id}/cancellation/{claim_code},Change cancellation details,https://developers.cafe24.com/docs/ko/api/admin/#retrieve-a-list-of-product-category-translations
mall.write_order,POST,/api/v2/admin/orders/{order_id}/exchange,Create an order exchange,https://developers.cafe24.com/docs/ko/api/admin/#retrieve-a-list-of-product-category-translations
mall.write_order,PUT,/api/v2/admin/orders/{order_id}/exchange/{claim_code},Update an order exchange,https://developers.cafe24.com/docs/ko/api/admin/#retrieve-a-list-of-product-category-translations
mall.write_order,PUT,/api/v2/admin/orders/{order_id}/exchangerequests,Reject an exchange request,https://developers.cafe24.com/docs/ko/api/admin/#retrieve-a-list-of-product-category-translations
mall.read_order,GET,/api/v2/admin/orders/{order_id}/items,Retrieve a list of order items,https://developers.cafe24.com/docs/ko/api/admin/#retrieve-a-list-of-product-category-translations
mall.write_order,POST,/api/v2/admin/orders/{order_id}/items,Create an order item,https://developers.cafe24.com/docs/ko/api/admin/#retrieve-a-list-of-product-category-translations
mall.write_order,PUT,/api/v2/admin/orders/{order_id}/items/{order_item_code},Update an order item,https://developers.cafe24.com/docs/ko/api/admin/#retrieve-a-list-of-product-category-translations
mall.read_order,GET,/api/v2/admin/orders/{order_id}/items/{order_item_code}/labels,Retrieve an order label,https://developers.cafe24.com/docs/ko/api/admin/#retrieve-a-list-of-product-category-translations
mall.write_order,POST,/api/v2/admin/orders/{order_id}/items/{order_item_code}/labels,Create an order label,https://developers.cafe24.com/docs/ko/api/admin/#retrieve-a-list-of-product-category-translations
mall.write_order,PUT,/api/v2/admin/orders/{order_id}/items/{order_item_code}/labels,Update an order label,https://developers.cafe24.com/docs/ko/api/admin/#retrieve-a-list-of-product-category-translations
mall.write_order,DELETE,/api/v2/admin/orders/{order_id}/items/{order_item_code}/labels/{name},Delete an order label,https://developers.cafe24.com/docs/ko/api/admin/#retrieve-a-list-of-product-category-translations
mall.write_order,POST,/api/v2/admin/orders/{order_id}/items/{order_item_code}/options,Create order item options,https://developers.cafe24.com/docs/ko/api/admin/#retrieve-a-list-of-product-category-translations
mall.write_order,PUT,/api/v2/admin/orders/{order_id}/items/{order_item_code}/options,Edit order item options,https://developers.cafe24.com/docs/ko/api/admin/#retrieve-a-list-of-product-category-translations
mall.read_order,GET,/api/v2/admin/orders/{order_id}/memos,Retrieve a list of order memos,https://developers.cafe24.com/docs/ko/api/admin/#retrieve-a-list-of-product-category-translations
mall.write_order,POST,/api/v2/admin/orders/{order_id}/memos,Create an order memo,https://developers.cafe24.com/docs/ko/api/admin/#retrieve-a-list-of-product-category-translations
mall.write_order,PUT,/api/v2/admin/orders/{order_id}/memos/{memo_no},Update an order memo,https://developers.cafe24.com/docs/ko/api/admin/#retrieve-a-list-of-product-category-translations
mall.write_order,DELETE,/api/v2/admin/orders/{order_id}/memos/{memo_no},Delete an order memo,https://developers.cafe24.com/docs/ko/api/admin/#retrieve-a-list-of-product-category-translations
mall.write_order,PUT,/api/v2/admin/orders/{order_id}/payments,Update an order payment status,https://developers.cafe24.com/docs/ko/api/admin/#retrieve-a-list-of-product-category-translations
mall.read_order,GET,/api/v2/admin/orders/{order_id}/paymenttimeline,Retrieve payment history of an order,https://developers.cafe24.com/docs/ko/api/admin/#retrieve-a-list-of-product-category-translations
mall.read_order,GET,/api/v2/admin/orders/{order_id}/paymenttimeline/{payment_no},Retrieve payment details of an order,https://developers.cafe24.com/docs/ko/api/admin/#retrieve-a-list-of-product-category-translations
mall.read_order,GET,/api/v2/admin/orders/{order_id}/receivers,Retrieve a list of recipients of an order,https://developers.cafe24.com/docs/ko/api/admin/#retrieve-a-list-of-product-category-translations
mall.write_order,PUT,/api/v2/admin/orders/{order_id}/receivers,Update order recipients,https://developers.cafe24.com/docs/ko/api/admin/#retrieve-a-list-of-product-category-translations
mall.write_order,PUT,/api/v2/admin/orders/{order_id}/receivers/{shipping_code},Change shipping information,https://developers.cafe24.com/docs/ko/api/admin/#retrieve-a-list-of-product-category-translations
mall.read_order,GET,/api/v2/admin/orders/{order_id}/receivers/history,Retrieve a list of recipient history of an order,https://developers.cafe24.com/docs/ko/api/admin/#retrieve-a-list-of-product-category-translations
mall.write_order,PUT,/api/v2/admin/orders/{order_id}/refunds/{refund_code},Update an order refund,https://developers.cafe24.com/docs/ko/api/admin/#retrieve-a-list-of-product-category-translations
mall.write_order,POST,/api/v2/admin/orders/{order_id}/return,Create an order return,https://developers.cafe24.com/docs/ko/api/admin/#retrieve-a-list-of-product-category-translations
mall.write_order,PUT,/api/v2/admin/orders/{order_id}/return/{claim_code},Update an order return,https://developers.cafe24.com/docs/ko/api/admin/#retrieve-a-list-of-product-category-translations
mall.read_order,GET,/api/v2/admin/orders/{order_id}/shipments,Retrieve a list of shipping information of an order,https://developers.cafe24.com/docs/ko/api/admin/#retrieve-a-list-of-product-category-translations
mall.write_order,POST,/api/v2/admin/orders/{order_id}/shipments,Create an order shipping information,https://developers.cafe24.com/docs/ko/api/admin/#retrieve-a-list-of-product-category-translations
mall.write_order,PUT,/api/v2/admin/orders/{order_id}/shipments/{shipping_code},Update an order shipping,https://developers.cafe24.com/docs/ko/api/admin/#retrieve-a-list-of-product-category-translations
mall.write_order,DELETE,/api/v2/admin/orders/{order_id}/shipments/{shipping_code},Delete an order shipping,https://developers.cafe24.com/docs/ko/api/admin/#retrieve-a-list-of-product-category-translations
mall.read_order,GET,/api/v2/admin/orders/{order_id}/shippingfeecancellation,Retrieve shipping fee cancellation details of an order,https://developers.cafe24.com/docs/ko/api/admin/#retrieve-a-list-of-product-category-translations
mall.write_order,POST,/api/v2/admin/orders/{order_id}/shippingfeecancellation,Create an order shipping fee cancellation,https://developers.cafe24.com/docs/ko/api/admin/#retrieve-a-list-of-product-category-translations
mall.write_order,POST,/api/v2/admin/orders/{order_id}/shortagecancellation,Create an order cancellation on stock shortage,https://developers.cafe24.com/docs/ko/api/admin/#retrieve-a-list-of-product-category-translations
mall.read_order,GET,/api/v2/admin/orders/benefits,Retrieve a list of order benefits applied to an order,https://developers.cafe24.com/docs/ko/api/admin/#retrieve-a-list-of-product-category-translations
mall.write_order,POST,/api/v2/admin/orders/calculation,Calculate total due,https://developers.cafe24.com/docs/ko/api/admin/#retrieve-a-list-of-product-category-translations
mall.read_order,GET,/api/v2/admin/orders/coupons,Retrieve a list of coupons applied to an order,https://developers.cafe24.com/docs/ko/api/admin/#retrieve-a-list-of-product-category-translations
mall.read_order,GET,/api/v2/admin/orders/dashboard,List all orders dashboard,https://developers.cafe24.com/docs/ko/api/admin/#retrieve-a-list-of-product-category-translations
mall.read_order,GET,/api/v2/admin/orders/inflowgroups,Retrieve a list of traffic source groups,https://developers.cafe24.com/docs/ko/api/admin/#retrieve-a-list-of-product-category-translations
mall.write_order,POST,/api/v2/admin/orders/inflowgroups,Create a traffic source group,https://developers.cafe24.com/docs/ko/api/admin/#retrieve-a-list-of-product-category-translations
mall.write_order,PUT,/api/v2/admin/orders/inflowgroups/{inflow_group_id},Update a traffic source group,https://developers.cafe24.com/docs/ko/api/admin/#retrieve-a-list-of-product-category-translations
mall.write_order,DELETE,/api/v2/admin/orders/inflowgroups/{inflow_group_id},Delete a traffic source group,https://developers.cafe24.com/docs/ko/api/admin/#retrieve-a-list-of-product-category-translations
mall.read_order,GET,/api/v2/admin/orders/inflowgroups/{group_id}/inflows,Retrieve a list of group traffic sources,https://developers.cafe24.com/docs/ko/api/admin/#retrieve-a-list-of-product-category-translations
mall.write_order,POST,/api/v2/admin/orders/inflowgroups/{group_id}/inflows,Create a group traffic source,https://developers.cafe24.com/docs/ko/api/admin/#retrieve-a-list-of-product-category-translations
mall.write_order,PUT,/api/v2/admin/orders/inflowgroups/{group_id}/inflows/{inflow_id},Update a group traffic source,https://developers.cafe24.com/docs/ko/api/admin/#retrieve-a-list-of-product-category-translations
mall.write_order,DELETE,/api/v2/admin/orders/inflowgroups/{group_id}/inflows/{inflow_id},Delete a group traffic source,https://developers.cafe24.com/docs/ko/api/admin/#retrieve-a-list-of-product-category-translations
mall.read_order,GET,/api/v2/admin/orders/memos,Retrieve a list of admin memos for an order,https://developers.cafe24.com/docs/ko/api/admin/#retrieve-a-list-of-product-category-translations
mall.read_order,GET,/api/v2/admin/orders/migrations,Retrieve order from migrated store,https://developers.cafe24.com/docs/ko/api/admin/#retrieve-a-list-of-product-category-translations
mall.write_order,POST,/api/v2/admin/orders/migrations,Create order from migrated store,https://developers.cafe24.com/docs/ko/api/admin/#retrieve-a-list-of-product-category-translations
mall.write_order,PUT,/api/v2/admin/orders/migrations,Update order from migrated store,https://developers.cafe24.com/docs/ko/api/admin/#retrieve-a-list-of-product-category-translations
mall.write_order,DELETE,/api/v2/admin/orders/migrations/{order_id},Delete order from migrated store,https://developers.cafe24.com/docs/ko/api/admin/#retrieve-a-list-of-product-category-translations
mall.read_order,GET,/api/v2/admin/orders/paymentamount,Retrieve a payment amount,https://developers.cafe24.com/docs/ko/api/admin/#retrieve-a-list-of-product-category-translations
mall.read_order,GET,/api/v2/admin/orders/saleschannels,Retrieve a list of sales channels,https://developers.cafe24.com/docs/ko/api/admin/#retrieve-a-list-of-product-category-translations
mall.write_order,POST,/api/v2/admin/orders/saleschannels,Create a sales channel,https://developers.cafe24.com/docs/ko/api/admin/#retrieve-a-list-of-product-category-translations
mall.write_order,PUT,/api/v2/admin/orders/saleschannels/{sales_channel_id},Update a sales channel,https://developers.cafe24.com/docs/ko/api/admin/#retrieve-a-list-of-product-category-translations
mall.write_order,DELETE,/api/v2/admin/orders/saleschannels/{sales_channel_id},Delete a sales channel,https://developers.cafe24.com/docs/ko/api/admin/#retrieve-a-list-of-product-category-translations
mall.write_order,PUT,/api/v2/admin/payments,Update payment status for multiple orders,https://developers.cafe24.com/docs/ko/api/admin/#retrieve-a-list-of-product-category-translations
mall.read_order,GET,/api/v2/admin/refunds,Retrieve a list of refunds,https://developers.cafe24.com/docs/ko/api/admin/#retrieve-a-list-of-product-category-translations
mall.read_order,GET,/api/v2/admin/refunds/{refund_code},Retrieve a refund,https://developers.cafe24.com/docs/ko/api/admin/#retrieve-a-list-of-product-category-translations
mall.read_order,GET,/api/v2/admin/reservations,Retrieve a booked item,https://developers.cafe24.com/docs/ko/api/admin/#retrieve-a-list-of-product-category-translations
mall.read_order,GET,/api/v2/admin/return/{claim_code},Retrieve a return,https://developers.cafe24.com/docs/ko/api/admin/#retrieve-a-list-of-product-category-translations
mall.write_order,POST,/api/v2/admin/return,Create multiple order returns,https://developers.cafe24.com/docs/ko/api/admin/#retrieve-a-list-of-product-category-translations
mall.write_order,PUT,/api/v2/admin/return,Update a return,https://developers.cafe24.com/docs/ko/api/admin/#retrieve-a-list-of-product-category-translations
mall.write_order,POST,/api/v2/admin/returnrequests,Create a return request for multiple items,https://developers.cafe24.com/docs/ko/api/admin/#retrieve-a-list-of-product-category-translations
mall.write_order,PUT,/api/v2/admin/returnrequests,Reject a return request for multiple items,https://developers.cafe24.com/docs/ko/api/admin/#retrieve-a-list-of-product-category-translations
mall.write_order,POST,/api/v2/admin/shipments,Create shipping information for multiple orders,https://developers.cafe24.com/docs/ko/api/admin/#retrieve-a-list-of-product-category-translations
mall.write_order,PUT,/api/v2/admin/shipments,Update multiple order shippings,https://developers.cafe24.com/docs/ko/api/admin/#retrieve-a-list-of-product-category-translations
mall.read_order,GET,/api/v2/admin/subscription/shipments,Retrieve a subscription,https://developers.cafe24.com/docs/ko/api/admin/#retrieve-a-list-of-product-category-translations
mall.write_order,POST,/api/v2/admin/subscription/shipments,Create a subscription,https://developers.cafe24.com/docs/ko/api/admin/#retrieve-a-list-of-product-category-translations
mall.write_order,PUT,/api/v2/admin/subscription/shipments/{subscription_id},Update a subscription,https://developers.cafe24.com/docs/ko/api/admin/#retrieve-a-list-of-product-category-translations
mall.write_order,PUT,/api/v2/admin/subscription/shipments/{subscription_id}/items,Update product variants in subscription,https://developers.cafe24.com/docs/ko/api/admin/#retrieve-a-list-of-product-category-translations
mall.read_order,GET,/api/v2/admin/unpaidorders,Retrieve unpaid orders,https://developers.cafe24.com/docs/ko/api/admin/#retrieve-a-list-of-product-category-translations
mall.read_customer,GET,/api/v2/admin/customergroups,Retrieve a list of customer tiers,https://developers.cafe24.com/docs/ko/api/admin/#retrieve-a-list-of-product-category-translations
mall.read_customer,GET,/api/v2/admin/customergroups/count,Retrieve a count of customer tiers,https://developers.cafe24.com/docs/ko/api/admin/#retrieve-a-list-of-product-category-translations
mall.read_customer,GET,/api/v2/admin/customergroups/{group_no},Retrieve a customer tier,https://developers.cafe24.com/docs/ko/api/admin/#retrieve-a-list-of-product-category-translations
mall.write_customer,POST,/api/v2/admin/customergroups/{group_no}/customers,Update a customer's customer tier,https://developers.cafe24.com/docs/ko/api/admin/#retrieve-a-list-of-product-category-translations
mall.read_customer,GET,/api/v2/admin/customergroups/setting,Retrieve customer tier settings,https://developers.cafe24.com/docs/ko/api/admin/#retrieve-a-list-of-product-category-translations
mall.read_customer,GET,/api/v2/admin/customers,Retrieve a list of customers,https://developers.cafe24.com/docs/ko/api/admin/#retrieve-a-list-of-product-category-translations
mall.write_customer,DELETE,/api/v2/admin/customers/{member_id},Delete an account,https://developers.cafe24.com/docs/ko/api/admin/#retrieve-a-list-of-product-category-translations
mall.read_customer,GET,/api/v2/admin/customers/{member_id}/autoupdate,Retrieve customer tier auto-update details,https://developers.cafe24.com/docs/ko/api/admin/#retrieve-a-list-of-product-category-translations
mall.read_customer,GET,/api/v2/admin/customers/{member_id}/memos/count,Retrieve a count of customer memos,https://developers.cafe24.com/docs/ko/api/admin/#retrieve-a-list-of-product-category-translations
mall.read_customer,GET,/api/v2/admin/customers/{member_id}/memos,Retrieve a list of customer memos,https://developers.cafe24.com/docs/ko/api/admin/#retrieve-a-list-of-product-category-translations
mall.read_customer,GET,/api/v2/admin/customers/{member_id}/memos/{memo_no},Retrieve a customer memo,https://developers.cafe24.com/docs/ko/api/admin/#retrieve-a-list-of-product-category-translations
mall.write_customer,POST,/api/v2/admin/customers/{member_id}/memos,Create a customer memo,https://developers.cafe24.com/docs/ko/api/admin/#retrieve-a-list-of-product-category-translations
mall.write_customer,PUT,/api/v2/admin/customers/{member_id}/memos/{memo_no},Update a customer memo,https://developers.cafe24.com/docs/ko/api/admin/#retrieve-a-list-of-product-category-translations
mall.write_customer,DELETE,/api/v2/admin/customers/{member_id}/memos/{memo_no},Delete a customer memo,https://developers.cafe24.com/docs/ko/api/admin/#retrieve-a-list-of-product-category-translations
mall.read_customer,GET,/api/v2/admin/customers/{member_id}/paymentinformation,Retrieve a customer's list of payment methods,https://developers.cafe24.com/docs/ko/api/admin/#retrieve-a-list-of-product-category-translations
mall.write_customer,DELETE,/api/v2/admin/customers/{member_id}/paymentinformation,Delete customer's payment information,https://developers.cafe24.com/docs/ko/api/admin/#retrieve-a-list-of-product-category-translations
mall.write_customer,DELETE,/api/v2/admin/customers/{member_id}/paymentinformation/{payment_method_id},Delete customer's payment information by payment method ID,https://developers.cafe24.com/docs/ko/api/admin/#retrieve-a-list-of-product-category-translations
mall.read_customer,GET,/api/v2/admin/customers/{member_id}/plusapp,Retrieve app installation information,https://developers.cafe24.com/docs/ko/api/admin/#retrieve-a-list-of-product-category-translations
mall.read_customer,GET,/api/v2/admin/customers/{member_id}/social,Retrieve a customer's social account,https://developers.cafe24.com/docs/ko/api/admin/#retrieve-a-list-of-product-category-translations
mall.read_customer,GET,/api/v2/admin/customers/properties,View account signup fields,https://developers.cafe24.com/docs/ko/api/admin/#retrieve-a-list-of-product-category-translations
mall.write_customer,PUT,/api/v2/admin/customers/properties,Edit account signup fields,https://developers.cafe24.com/docs/ko/api/admin/#retrieve-a-list-of-product-category-translations
mall.read_community,GET,/api/v2/admin/boards,Retrieve a list of boards,https://developers.cafe24.com/docs/ko/api/admin/#retrieve-a-list-of-product-category-translations
mall.read_community,GET,/api/v2/admin/boards/{board_no},Retrieve the board settings,https://developers.cafe24.com/docs/ko/api/admin/#retrieve-a-list-of-product-category-translations
mall.write_community,PUT,/api/v2/admin/boards/{board_no},Update the board settings,https://developers.cafe24.com/docs/ko/api/admin/#retrieve-a-list-of-product-category-translations
mall.read_community,GET,/api/v2/admin/boards/{board_no}/articles,Retrieve a list of posts for a board,https://developers.cafe24.com/docs/ko/api/admin/#retrieve-a-list-of-product-category-translations
mall.write_community,POST,/api/v2/admin/boards/{board_no}/articles,Create a board post,https://developers.cafe24.com/docs/ko/api/admin/#retrieve-a-list-of-product-category-translations
mall.write_community,PUT,/api/v2/admin/boards/{board_no}/articles/{article_no},Update a board post,https://developers.cafe24.com/docs/ko/api/admin/#retrieve-a-list-of-product-category-translations
mall.write_community,DELETE,/api/v2/admin/boards/{board_no}/articles/{article_no},Delete a board post,https://developers.cafe24.com/docs/ko/api/admin/#retrieve-a-list-of-product-category-translations
mall.read_community,GET,/api/v2/admin/boards/{board_no}/articles/{article_no}/comments,Retrieve a list of comments for a board post,https://developers.cafe24.com/docs/ko/api/admin/#retrieve-a-list-of-product-category-translations
mall.write_community,POST,/api/v2/admin/boards/{board_no}/articles/{article_no}/comments,Create a comment for a board post,https://developers.cafe24.com/docs/ko/api/admin/#retrieve-a-list-of-product-category-translations
mall.write_community,DELETE,/api/v2/admin/boards/{board_no}/articles/{article_no}/comments/{comment_no},Delete a comment for a board post,https://developers.cafe24.com/docs/ko/api/admin/#retrieve-a-list-of-product-category-translations
mall.read_community,GET,/api/v2/admin/boards/{board_no}/comments,Retrieve comments in bulk,https://developers.cafe24.com/docs/ko/api/admin/#retrieve-a-list-of-product-category-translations
mall.read_community,GET,/api/v2/admin/boards/{board_no}/seo,Retrieve SEO settings for board,https://developers.cafe24.com/docs/ko/api/admin/#retrieve-a-list-of-product-category-translations
mall.write_community,PUT,/api/v2/admin/boards/{board_no}/seo,Update SEO settings for board,https://developers.cafe24.com/docs/ko/api/admin/#retrieve-a-list-of-product-category-translations
mall.read_community,GET,/api/v2/admin/commenttemplates,Retrieve frequently used answers,https://developers.cafe24.com/docs/ko/api/admin/#retrieve-a-list-of-product-category-translations
mall.read_community,GET,/api/v2/admin/commenttemplates/{comment_no},Retrieve a frequently used answer,https://developers.cafe24.com/docs/ko/api/admin/#retrieve-a-list-of-product-category-translations
mall.write_community,POST,/api/v2/admin/commenttemplates,Create a frequently used answer,https://developers.cafe24.com/docs/ko/api/admin/#retrieve-a-list-of-product-category-translations
mall.write_community,PUT,/api/v2/admin/commenttemplates/{comment_no},Update a frequently used answer,https://developers.cafe24.com/docs/ko/api/admin/#retrieve-a-list-of-product-category-translations
mall.write_community,DELETE,/api/v2/admin/commenttemplates/{comment_no},Delete a frequently used answer,https://developers.cafe24.com/docs/ko/api/admin/#retrieve-a-list-of-product-category-translations
mall.read_community,GET,/api/v2/admin/financials/monthlyreviews,Retrieve the total count for monthly reviews and ratings,https://developers.cafe24.com/docs/ko/api/admin/#retrieve-a-list-of-product-category-translations
mall.read_community,GET,/api/v2/admin/urgentinquiry,Retrieve an urgent inquiry post,https://developers.cafe24.com/docs/ko/api/admin/#retrieve-a-list-of-product-category-translations
mall.read_community,GET,/api/v2/admin/urgentinquiry/{article_no}/reply,Retrieve a reply for urgent inquiry post,https://developers.cafe24.com/docs/ko/api/admin/#retrieve-a-list-of-product-category-translations
mall.write_community,POST,/api/v2/admin/urgentinquiry/{article_no}/reply,Create a reply for urgent inquiry post,https://developers.cafe24.com/docs/ko/api/admin/#retrieve-a-list-of-product-category-translations
mall.write_community,PUT,/api/v2/admin/urgentinquiry/{article_no}/reply,Update a reply for urgent inquiry post,https://developers.cafe24.com/docs/ko/api/admin/#retrieve-a-list-of-product-category-translations
mall.read_design,GET,/api/v2/admin/icons,Retrieve a list of desgin icons,https://developers.cafe24.com/docs/ko/api/admin/#retrieve-a-list-of-product-category-translations
mall.write_design,PUT,/api/v2/admin/icons,Update store icon settings,https://developers.cafe24.com/docs/ko/api/admin/#retrieve-a-list-of-product-category-translations
mall.read_design,GET,/api/v2/admin/themes,Retrieve a list of themes,https://developers.cafe24.com/docs/ko/api/admin/#retrieve-a-list-of-product-category-translations
mall.read_design,GET,/api/v2/admin/themes/count,Retrieve a count of themes,https://developers.cafe24.com/docs/ko/api/admin/#retrieve-a-list-of-product-category-translations
mall.read_design,GET,/api/v2/admin/themes/{skin_no},Retrieve a theme,https://developers.cafe24.com/docs/ko/api/admin/#retrieve-a-list-of-product-category-translations
mall.read_design,GET,/api/v2/admin/themes/{skin_no}/pages,Retrieve a theme page,https://developers.cafe24.com/docs/ko/api/admin/#retrieve-a-list-of-product-category-translations
mall.write_design,POST,/api/v2/admin/themes/{skin_no}/pages,Create a theme page,https://developers.cafe24.com/docs/ko/api/admin/#retrieve-a-list-of-product-category-translations
mall.write_design,PUT,/api/v2/admin/themes/{skin_no}/pages,Update a theme page,https://developers.cafe24.com/docs/ko/api/admin/#retrieve-a-list-of-product-category-translations
mall.write_design,DELETE,/api/v2/admin/themes/{skin_no}/pages,Delete a theme page,https://developers.cafe24.com/docs/ko/api/admin/#retrieve-a-list-of-product-category-translations
mall.read_promotion,GET,/api/v2/admin/benefits,Retrieve a list of customer benefits,https://developers.cafe24.com/docs/ko/api/admin/#retrieve-a-list-of-product-category-translations
mall.read_promotion,GET,/api/v2/admin/benefits/count,Retrieve a count of customer benefits,https://developers.cafe24.com/docs/ko/api/admin/#retrieve-a-list-of-product-category-translations
mall.read_promotion,GET,/api/v2/admin/benefits/{benefit_no},Retrieve a customer benefit,https://developers.cafe24.com/docs/ko/api/admin/#retrieve-a-list-of-product-category-translations
mall.write_promotion,POST,/api/v2/admin/benefits,Create a customer benefit,https://developers.cafe24.com/docs/ko/api/admin/#retrieve-a-list-of-product-category-translations
mall.write_promotion,PUT,/api/v2/admin/benefits/{benefit_no},Update a customer benefit,https://developers.cafe24.com/docs/ko/api/admin/#retrieve-a-list-of-product-category-translations
mall.write_promotion,DELETE,/api/v2/admin/benefits/{benefit_no},Delete a customer benefit,https://developers.cafe24.com/docs/ko/api/admin/#retrieve-a-list-of-product-category-translations
mall.read_promotion,GET,/api/v2/admin/commonevents,Retrieve a list of storewide promotions,https://developers.cafe24.com/docs/ko/api/admin/#retrieve-a-list-of-product-category-translations
mall.write_promotion,POST,/api/v2/admin/commonevents,Create a storewide promotion,https://developers.cafe24.com/docs/ko/api/admin/#retrieve-a-list-of-product-category-translations
mall.write_promotion,PUT,/api/v2/admin/commonevents/{event_no},Update a storewide promotion,https://developers.cafe24.com/docs/ko/api/admin/#retrieve-a-list-of-product-category-translations
mall.write_promotion,DELETE,/api/v2/admin/commonevents/{event_no},Delete a storewide promotion,https://developers.cafe24.com/docs/ko/api/admin/#retrieve-a-list-of-product-category-translations
mall.read_promotion,GET,/api/v2/admin/coupons,Retrieve a list of coupons,https://developers.cafe24.com/docs/ko/api/admin/#retrieve-a-list-of-product-category-translations
mall.read_promotion,GET,/api/v2/admin/coupons/count,Retrieve a count of coupons,https://developers.cafe24.com/docs/ko/api/admin/#retrieve-a-list-of-product-category-translations
mall.write_promotion,POST,/api/v2/admin/coupons,Create a coupon,https://developers.cafe24.com/docs/ko/api/admin/#retrieve-a-list-of-product-category-translations
mall.write_promotion,PUT,/api/v2/admin/coupons/{coupon_no},Coupon management,https://developers.cafe24.com/docs/ko/api/admin/#retrieve-a-list-of-product-category-translations
mall.read_promotion,GET,/api/v2/admin/coupons/{coupon_no}/issuancecustomers,Retrieve a list of eligible customers for conditional issuance,https://developers.cafe24.com/docs/ko/api/admin/#retrieve-a-list-of-product-category-translations
mall.read_promotion,GET,/api/v2/admin/coupons/{coupon_no}/issues,Retrieve a list of issued coupons,https://developers.cafe24.com/docs/ko/api/admin/#retrieve-a-list-of-product-category-translations
mall.write_promotion,POST,/api/v2/admin/coupons/{coupon_no}/issues,Create coupon issuance history,https://developers.cafe24.com/docs/ko/api/admin/#retrieve-a-list-of-product-category-translations
mall.read_promotion,GET,/api/v2/admin/customerevents,View member information event,https://developers.cafe24.com/docs/ko/api/admin/#retrieve-a-list-of-product-category-translations
mall.write_promotion,POST,/api/v2/admin/customerevents,Create a member information modification event,https://developers.cafe24.com/docs/ko/api/admin/#retrieve-a-list-of-product-category-translations
mall.write_promotion,PUT,/api/v2/admin/customerevents,Update information update campaign status,https://developers.cafe24.com/docs/ko/api/admin/#retrieve-a-list-of-product-category-translations
mall.read_promotion,GET,/api/v2/admin/customers/{member_id}/coupons,Retrieve a list of customer coupons,https://developers.cafe24.com/docs/ko/api/admin/#retrieve-a-list-of-product-category-translations
mall.read_promotion,GET,/api/v2/admin/customers/{member_id}/coupons/count,Retrieve a count of customer coupons,https://developers.cafe24.com/docs/ko/api/admin/#retrieve-a-list-of-product-category-translations
mall.write_promotion,DELETE,/api/v2/admin/customers/{member_id}/coupons/{coupon_no},Delete a customer coupon,https://developers.cafe24.com/docs/ko/api/admin/#retrieve-a-list-of-product-category-translations
mall.read_promotion,GET,/api/v2/admin/discountcodes,Retrieve a list of discount codes,https://developers.cafe24.com/docs/ko/api/admin/#retrieve-a-list-of-product-category-translations
mall.read_promotion,GET,/api/v2/admin/discountcodes/{discount_code_no},Retrieve a discount code,https://developers.cafe24.com/docs/ko/api/admin/#retrieve-a-list-of-product-category-translations
mall.write_promotion,POST,/api/v2/admin/discountcodes,Create a discount code,https://developers.cafe24.com/docs/ko/api/admin/#retrieve-a-list-of-product-category-translations
mall.write_promotion,PUT,/api/v2/admin/discountcodes/{discount_code_no},Update a discount code,https://developers.cafe24.com/docs/ko/api/admin/#retrieve-a-list-of-product-category-translations
mall.write_promotion,DELETE,/api/v2/admin/discountcodes/{discount_code_no},Delete a discount code,https://developers.cafe24.com/docs/ko/api/admin/#retrieve-a-list-of-product-category-translations
mall.read_promotion,GET,/api/v2/admin/serialcoupons,Retrieve coupon codes,https://developers.cafe24.com/docs/ko/api/admin/#retrieve-a-list-of-product-category-translations
mall.write_promotion,POST,/api/v2/admin/serialcoupons,Generate coupon code,https://developers.cafe24.com/docs/ko/api/admin/#retrieve-a-list-of-product-category-translations
mall.write_promotion,DELETE,/api/v2/admin/serialcoupons/{coupon_no},Delete coupon code,https://developers.cafe24.com/docs/ko/api/admin/#retrieve-a-list-of-product-category-translations
mall.read_promotion,GET,/api/v2/admin/serialcoupons/{coupon_no}/issues,Retrieve a code of coupon codes,https://developers.cafe24.com/docs/ko/api/admin/#retrieve-a-list-of-product-category-translations
mall.write_promotion,POST,/api/v2/admin/serialcoupons/{coupon_no}/issues,Register a code of coupon codes,https://developers.cafe24.com/docs/ko/api/admin/#retrieve-a-list-of-product-category-translations
mall.read_application,GET,/api/v2/admin/apps,Retrieve an app information,https://developers.cafe24.com/docs/ko/api/admin/#retrieve-a-list-of-product-category-translations
mall.write_application,PUT,/api/v2/admin/apps,Update an app information,https://developers.cafe24.com/docs/ko/api/admin/#retrieve-a-list-of-product-category-translations
mall.read_application,GET,/api/v2/admin/appstore/orders/{order_id},Retreive a,https://developers.cafe24.com/docs/ko/api/admin/#retrieve-a-list-of-product-category-translations
mall.write_application,POST,/api/v2/admin/appstore/orders,Create a,https://developers.cafe24.com/docs/ko/api/admin/#retrieve-a-list-of-product-category-translations
mall.read_application,GET,/api/v2/admin/appstore/payments,Retrieve a list of,https://developers.cafe24.com/docs/ko/api/admin/#retrieve-a-list-of-product-category-translations
mall.read_application,GET,/api/v2/admin/appstore/payments/count,Retrieve a count of,https://developers.cafe24.com/docs/ko/api/admin/#retrieve-a-list-of-product-category-translations
mall.read_application,GET,/api/v2/admin/databridge/logs,Retrieve a list of Databridge webhook logs,https://developers.cafe24.com/docs/ko/api/admin/#retrieve-a-list-of-product-category-translations
mall.read_application,GET,/api/v2/admin/recipes,Retrieve a list of recipes,https://developers.cafe24.com/docs/ko/api/admin/#retrieve-a-list-of-product-category-translations
mall.write_application,POST,/api/v2/admin/recipes,Create a recipe,https://developers.cafe24.com/docs/ko/api/admin/#retrieve-a-list-of-product-category-translations
mall.write_application,DELETE,/api/v2/admin/recipes/{recipe_code},Delete a recipe,https://developers.cafe24.com/docs/ko/api/admin/#retrieve-a-list-of-product-category-translations
mall.read_application,GET,/api/v2/admin/scripttags,Retrieve a list of script tags,https://developers.cafe24.com/docs/ko/api/admin/#retrieve-a-list-of-product-category-translations
mall.read_application,GET,/api/v2/admin/scripttags/count,Retrieve a count of script tags,https://developers.cafe24.com/docs/ko/api/admin/#retrieve-a-list-of-product-category-translations
mall.read_application,GET,/api/v2/admin/scripttags/{script_no},Retrieve a script tag,https://developers.cafe24.com/docs/ko/api/admin/#retrieve-a-list-of-product-category-translations
mall.write_application,POST,/api/v2/admin/scripttags,Create a script tag,https://developers.cafe24.com/docs/ko/api/admin/#retrieve-a-list-of-product-category-translations
mall.write_application,PUT,/api/v2/admin/scripttags/{script_no},Update a script tag,https://developers.cafe24.com/docs/ko/api/admin/#retrieve-a-list-of-product-category-translations
mall.write_application,DELETE,/api/v2/admin/scripttags/{script_no},Delete a script tag,https://developers.cafe24.com/docs/ko/api/admin/#retrieve-a-list-of-product-category-translations
mall.read_application,GET,/api/v2/admin/webhooks/logs,Retrieve a list of webhook logs,https://developers.cafe24.com/docs/ko/api/admin/#retrieve-a-list-of-product-category-translations
mall.read_application,GET,/api/v2/admin/webhooks/setting,Retrieve webhook settings,https://developers.cafe24.com/docs/ko/api/admin/#retrieve-a-list-of-product-category-translations
mall.write_application,PUT,/api/v2/admin/webhooks/setting,Edit webhook settings,https://developers.cafe24.com/docs/ko/api/admin/#retrieve-a-list-of-product-category-translations
mall.read_category,GET,/api/v2/admin/autodisplay,Retrieve a list of auto layouts,https://developers.cafe24.com/docs/ko/api/admin/#retrieve-a-list-of-product-category-translations
mall.write_category,POST,/api/v2/admin/autodisplay,Create auto layout for selected product category,https://developers.cafe24.com/docs/ko/api/admin/#retrieve-a-list-of-product-category-translations
mall.write_category,PUT,/api/v2/admin/autodisplay/{display_no},Update auto layout for selected product category,https://developers.cafe24.com/docs/ko/api/admin/#retrieve-a-list-of-product-category-translations
mall.write_category,DELETE,/api/v2/admin/autodisplay/{display_no},Delete auto layout for selected product category,https://developers.cafe24.com/docs/ko/api/admin/#retrieve-a-list-of-product-category-translations
mall.read_category,GET,/api/v2/admin/categories,Retrieve a list of product categories,https://developers.cafe24.com/docs/ko/api/admin/#retrieve-a-list-of-product-category-translations
mall.read_category,GET,/api/v2/admin/categories/count,Retrieve a count of product categories,https://developers.cafe24.com/docs/ko/api/admin/#retrieve-a-list-of-product-category-translations
mall.read_category,GET,/api/v2/admin/categories/{category_no},Retrieve a product category,https://developers.cafe24.com/docs/ko/api/admin/#retrieve-a-list-of-product-category-translations
mall.write_category,POST,/api/v2/admin/categories,Create a product category,https://developers.cafe24.com/docs/ko/api/admin/#retrieve-a-list-of-product-category-translations
mall.write_category,PUT,/api/v2/admin/categories/{category_no},Update a product category,https://developers.cafe24.com/docs/ko/api/admin/#retrieve-a-list-of-product-category-translations
mall.write_category,DELETE,/api/v2/admin/categories/{category_no},Delete a product category,https://developers.cafe24.com/docs/ko/api/admin/#retrieve-a-list-of-product-category-translations
mall.read_category,GET,/api/v2/admin/categories/{category_no}/decorationimages,Retrieve decoration image settings by category,https://developers.cafe24.com/docs/ko/api/admin/#retrieve-a-list-of-product-category-translations
mall.write_category,PUT,/api/v2/admin/categories/{category_no}/decorationimages,Update decoration images of a product category,https://developers.cafe24.com/docs/ko/api/admin/#retrieve-a-list-of-product-category-translations
mall.read_category,GET,/api/v2/admin/categories/{category_no}/seo,Retrieve SEO settings by category,https://developers.cafe24.com/docs/ko/api/admin/#retrieve-a-list-of-product-category-translations
mall.write_category,PUT,/api/v2/admin/categories/{category_no}/seo,Update a product category SEO,https://developers.cafe24.com/docs/ko/api/admin/#retrieve-a-list-of-product-category-translations
mall.read_category,GET,/api/v2/admin/mains,Retrieve a list of main categories,https://developers.cafe24.com/docs/ko/api/admin/#retrieve-a-list-of-product-category-translations
mall.write_category,POST,/api/v2/admin/mains,Add main category,https://developers.cafe24.com/docs/ko/api/admin/#retrieve-a-list-of-product-category-translations
mall.write_category,PUT,/api/v2/admin/mains/{display_group},Update main category,https://developers.cafe24.com/docs/ko/api/admin/#retrieve-a-list-of-product-category-translations
mall.write_category,DELETE,/api/v2/admin/mains/{display_group},Delete main category,https://developers.cafe24.com/docs/ko/api/admin/#retrieve-a-list-of-product-category-translations
mall.read_collection,GET,/api/v2/admin/brands,Retrieve a list of brands,https://developers.cafe24.com/docs/ko/api/admin/#retrieve-a-list-of-product-category-translations
mall.read_collection,GET,/api/v2/admin/brands/count,Retrieve a count of brands,https://developers.cafe24.com/docs/ko/api/admin/#retrieve-a-list-of-product-category-translations
mall.write_collection,POST,/api/v2/admin/brands,Create a brand,https://developers.cafe24.com/docs/ko/api/admin/#retrieve-a-list-of-product-category-translations
mall.write_collection,PUT,/api/v2/admin/brands/{brand_code},Update a brand,https://developers.cafe24.com/docs/ko/api/admin/#retrieve-a-list-of-product-category-translations
mall.write_collection,DELETE,/api/v2/admin/brands/{brand_code},Delete a brand,https://developers.cafe24.com/docs/ko/api/admin/#retrieve-a-list-of-product-category-translations
mall.read_collection,GET,/api/v2/admin/classifications,Retrieve a list of custom categories,https://developers.cafe24.com/docs/ko/api/admin/#retrieve-a-list-of-product-category-translations
mall.read_collection,GET,/api/v2/admin/classifications/count,Retrieve a count of custom categories,https://developers.cafe24.com/docs/ko/api/admin/#retrieve-a-list-of-product-category-translations
mall.read_collection,GET,/api/v2/admin/manufacturers,Retrieve a list of manufacturers,https://developers.cafe24.com/docs/ko/api/admin/#retrieve-a-list-of-product-category-translations
mall.read_collection,GET,/api/v2/admin/manufacturers/{manufacturer_code},Retrieve a manufacturer,https://developers.cafe24.com/docs/ko/api/admin/#retrieve-a-list-of-product-category-translations
mall.read_collection,GET,/api/v2/admin/manufacturers/count,Retrieve a count of manufacturers,https://developers.cafe24.com/docs/ko/api/admin/#retrieve-a-list-of-product-category-translations
mall.write_collection,POST,/api/v2/admin/manufacturers,Create a manufacturer,https://developers.cafe24.com/docs/ko/api/admin/#retrieve-a-list-of-product-category-translations
mall.write_collection,PUT,/api/v2/admin/manufacturers/{manufacturer_code},Update a manufacturer,https://developers.cafe24.com/docs/ko/api/admin/#retrieve-a-list-of-product-category-translations
mall.read_collection,GET,/api/v2/admin/origin,Retrieve a list of origins,https://developers.cafe24.com/docs/ko/api/admin/#retrieve-a-list-of-product-category-translations
mall.read_collection,GET,/api/v2/admin/trends,Retrieve a list of trends,https://developers.cafe24.com/docs/ko/api/admin/#retrieve-a-list-of-product-category-translations
mall.read_collection,GET,/api/v2/admin/trends/count,Retrieve a count of trends,https://developers.cafe24.com/docs/ko/api/admin/#retrieve-a-list-of-product-category-translations
mall.read_supply,GET,/api/v2/admin/shipping/suppliers/{supplier_id},Retrieve a supplier's shipping settings,https://developers.cafe24.com/docs/ko/api/admin/#retrieve-a-list-of-product-category-translations
mall.write_supply,PUT,/api/v2/admin/shipping/suppliers/{supplier_id},Update a supplier's shipping settings,https://developers.cafe24.com/docs/ko/api/admin/#retrieve-a-list-of-product-category-translations
mall.read_supply,GET,/api/v2/admin/suppliers,Retrieve a list of suppliers,https://developers.cafe24.com/docs/ko/api/admin/#retrieve-a-list-of-product-category-translations
mall.read_supply,GET,/api/v2/admin/suppliers/count,Retrieve a count of suppliers,https://developers.cafe24.com/docs/ko/api/admin/#retrieve-a-list-of-product-category-translations
mall.read_supply,GET,/api/v2/admin/suppliers/{supplier_code},Retrieve a supplier,https://developers.cafe24.com/docs/ko/api/admin/#retrieve-a-list-of-product-category-translations
mall.write_supply,POST,/api/v2/admin/suppliers,Create a supplier,https://developers.cafe24.com/docs/ko/api/admin/#retrieve-a-list-of-product-category-translations
mall.write_supply,PUT,/api/v2/admin/suppliers/{supplier_code},Update a supplier,https://developers.cafe24.com/docs/ko/api/admin/#retrieve-a-list-of-product-category-translations
mall.write_supply,DELETE,/api/v2/admin/suppliers/{supplier_code},Delete a supplier,https://developers.cafe24.com/docs/ko/api/admin/#retrieve-a-list-of-product-category-translations
mall.read_supply,GET,/api/v2/admin/suppliers/users,Retrieve a list of supplier users,https://developers.cafe24.com/docs/ko/api/admin/#retrieve-a-list-of-product-category-translations
mall.read_supply,GET,/api/v2/admin/suppliers/users/count,Retrieve a count of supplier users,https://developers.cafe24.com/docs/ko/api/admin/#retrieve-a-list-of-product-category-translations
mall.read_supply,GET,/api/v2/admin/suppliers/users/{user_id},Retrieve supplier user details,https://developers.cafe24.com/docs/ko/api/admin/#retrieve-a-list-of-product-category-translations
mall.write_supply,POST,/api/v2/admin/suppliers/users,Create a supplier user,https://developers.cafe24.com/docs/ko/api/admin/#retrieve-a-list-of-product-category-translations
mall.write_supply,PUT,/api/v2/admin/suppliers/users/{user_id},Update a supplier user,https://developers.cafe24.com/docs/ko/api/admin/#retrieve-a-list-of-product-category-translations
mall.write_supply,DELETE,/api/v2/admin/suppliers/users/{user_id},Delete a supplier user,https://developers.cafe24.com/docs/ko/api/admin/#retrieve-a-list-of-product-category-translations
mall.read_supply,GET,/api/v2/admin/suppliers/users/{supplier_id}/regionalsurcharges,Retrieve a supplier user's list of regional shipping fees,https://developers.cafe24.com/docs/ko/api/admin/#retrieve-a-list-of-product-category-translations
mall.write_supply,POST,/api/v2/admin/suppliers/users/{supplier_id}/regionalsurcharges,Create regional shipping fee for a supplier user,https://developers.cafe24.com/docs/ko/api/admin/#retrieve-a-list-of-product-category-translations
mall.write_supply,DELETE,/api/v2/admin/suppliers/users/{supplier_id}/regionalsurcharges/{regional_surcharge_no},Delete supplier user's regional shipping fee settings,https://developers.cafe24.com/docs/ko/api/admin/#retrieve-a-list-of-product-category-translations
mall.read_supply,GET,/api/v2/admin/suppliers/users/{supplier_id}/regionalsurcharges/setting,Retrieve a supplier user's regional shipping fee settings,https://developers.cafe24.com/docs/ko/api/admin/#retrieve-a-list-of-product-category-translations
mall.write_supply,PUT,/api/v2/admin/suppliers/users/{supplier_id}/regionalsurcharges/setting,Update a supplier user's regional shipping fee settings,https://developers.cafe24.com/docs/ko/api/admin/#retrieve-a-list-of-product-category-translations
mall.read_shipping,GET,/api/v2/admin/carriers,Retrieve a list of shipping carriers,https://developers.cafe24.com/docs/ko/api/admin/#retrieve-a-list-of-product-category-translations
mall.read_shipping,GET,/api/v2/admin/carriers/{carrier_id},Retrieve a shipping carrier,https://developers.cafe24.com/docs/ko/api/admin/#retrieve-a-list-of-product-category-translations
mall.write_shipping,POST,/api/v2/admin/carriers,Create a shipping carrier,https://developers.cafe24.com/docs/ko/api/admin/#retrieve-a-list-of-product-category-translations
mall.write_shipping,PUT,/api/v2/admin/carriers/{carrier_id},Update a shipping carrier,https://developers.cafe24.com/docs/ko/api/admin/#retrieve-a-list-of-product-category-translations
mall.write_shipping,DELETE,/api/v2/admin/carriers/{carrier_id},Delete a shipping carrier,https://developers.cafe24.com/docs/ko/api/admin/#retrieve-a-list-of-product-category-translations
mall.read_shipping,GET,/api/v2/admin/regionalsurcharges,Retrieve shipping zone rates settings,https://developers.cafe24.com/docs/ko/api/admin/#retrieve-a-list-of-product-category-translations
mall.write_shipping,PUT,/api/v2/admin/regionalsurcharges,Update regional surcharges,https://developers.cafe24.com/docs/ko/api/admin/#retrieve-a-list-of-product-category-translations
mall.read_shipping,GET,/api/v2/admin/shipping,Retrieve shipping / return settings,https://developers.cafe24.com/docs/ko/api/admin/#retrieve-a-list-of-product-category-translations
mall.write_shipping,PUT,/api/v2/admin/shipping,Update store shipping/return settings,https://developers.cafe24.com/docs/ko/api/admin/#retrieve-a-list-of-product-category-translations
mall.read_shipping,GET,/api/v2/admin/shipping/additionalfees,Retrieve a list of applicable countries for additional handling fee on international shipping,https://developers.cafe24.com/docs/ko/api/admin/#retrieve-a-list-of-product-category-translations
mall.read_shipping,GET,/api/v2/admin/shippingorigins,Retrieve a list of shipping origins,https://developers.cafe24.com/docs/ko/api/admin/#retrieve-a-list-of-product-category-translations
mall.read_shipping,GET,/api/v2/admin/shippingorigins/{origin_code},Retrieve a shipping origin,https://developers.cafe24.com/docs/ko/api/admin/#retrieve-a-list-of-product-category-translations
mall.write_shipping,POST,/api/v2/admin/shippingorigins,Create a shipping origin,https://developers.cafe24.com/docs/ko/api/admin/#retrieve-a-list-of-product-category-translations
mall.write_shipping,PUT,/api/v2/admin/shippingorigins/{origin_code},Update a shipping origin,https://developers.cafe24.com/docs/ko/api/admin/#retrieve-a-list-of-product-category-translations
mall.write_shipping,DELETE,/api/v2/admin/shippingorigins/{origin_code},Delete a shipping origin,https://developers.cafe24.com/docs/ko/api/admin/#retrieve-a-list-of-product-category-translations
mall.read_salesreport,GET,/api/v2/admin/financials/dailysales,Retrieve a list of daily sales,https://developers.cafe24.com/docs/ko/api/admin/#retrieve-a-list-of-product-category-translations
mall.read_salesreport,GET,/api/v2/admin/financials/monthlysales,Retrieve a list of monthly sales,https://developers.cafe24.com/docs/ko/api/admin/#retrieve-a-list-of-product-category-translations
mall.read_salesreport,GET,/api/v2/admin/reports/hourlysales,Retrieve hourly sales statistics of a store,https://developers.cafe24.com/docs/ko/api/admin/#retrieve-a-list-of-product-category-translations
mall.read_salesreport,GET,/api/v2/admin/reports/productsales,Retrieve hourly product sales statistics of a store,https://developers.cafe24.com/docs/ko/api/admin/#retrieve-a-list-of-product-category-translations
mall.read_salesreport,GET,/api/v2/admin/reports/salesvolume,Retrieve a sales report,https://developers.cafe24.com/docs/ko/api/admin/#retrieve-a-list-of-product-category-translations
mall.read_personal,GET,/api/v2/admin/carts,Retrieve a shopping cart,https://developers.cafe24.com/docs/ko/api/admin/#retrieve-a-list-of-product-category-translations
mall.read_personal,GET,/api/v2/admin/customers/{member_id}/wishlist/count,Retrieve a count of products in customer wishlist,https://developers.cafe24.com/docs/ko/api/admin/#retrieve-a-list-of-product-category-translations
mall.read_personal,GET,/api/v2/admin/customers/{member_id}/wishlist,Retrieve a list of products in customer wishlist,https://developers.cafe24.com/docs/ko/api/admin/#retrieve-a-list-of-product-category-translations
mall.read_personal,GET,/api/v2/admin/products/{product_no}/carts/count,Retrieve a count of carts containing a product,https://developers.cafe24.com/docs/ko/api/admin/#retrieve-a-list-of-product-category-translations
mall.read_personal,GET,/api/v2/admin/products/{product_no}/carts,Retrieve a list of carts containing a product,https://developers.cafe24.com/docs/ko/api/admin/#retrieve-a-list-of-product-category-translations
mall.read_privacy,GET,/api/v2/admin/customersprivacy,Retrieve a list of customer information,https://developers.cafe24.com/docs/ko/api/admin/#retrieve-a-list-of-product-category-translations
mall.read_privacy,GET,/api/v2/admin/customersprivacy/count,Retrieve a count of customer information,https://developers.cafe24.com/docs/ko/api/admin/#retrieve-a-list-of-product-category-translations
mall.read_privacy,GET,/api/v2/admin/customersprivacy/{member_id},Retrieve a customer information,https://developers.cafe24.com/docs/ko/api/admin/#retrieve-a-list-of-product-category-translations
mall.write_privacy,PUT,/api/v2/admin/customersprivacy/{member_id},Update a customer information,https://developers.cafe24.com/docs/ko/api/admin/#retrieve-a-list-of-product-category-translations
mall.read_privacy,GET,/api/v2/admin/products/{product_no}/wishlist/customers,Retrieve a list of customers with a product in wishlist,https://developers.cafe24.com/docs/ko/api/admin/#retrieve-a-list-of-product-category-translations
mall.read_privacy,GET,/api/v2/admin/products/{product_no}/wishlist/customers/count,Retrieve a count of customers with a product in wishlist,https://developers.cafe24.com/docs/ko/api/admin/#retrieve-a-list-of-product-category-translations
mall.read_mileage,GET,/api/v2/admin/credits,Retrieve a list of credits by date range,https://developers.cafe24.com/docs/ko/api/admin/#retrieve-a-list-of-product-category-translations
mall.read_mileage,GET,/api/v2/admin/credits/report,Retrieve a credit report by date range,https://developers.cafe24.com/docs/ko/api/admin/#retrieve-a-list-of-product-category-translations
mall.read_mileage,GET,/api/v2/admin/points,Retrieve points,https://developers.cafe24.com/docs/ko/api/admin/#retrieve-a-list-of-product-category-translations
mall.write_mileage,POST,/api/v2/admin/points,Issue and deduct points,https://developers.cafe24.com/docs/ko/api/admin/#retrieve-a-list-of-product-category-translations
mall.read_mileage,GET,/api/v2/admin/points/autoexpiration,Retrieve an automatic points expiration,https://developers.cafe24.com/docs/ko/api/admin/#retrieve-a-list-of-product-category-translations
mall.write_mileage,POST,/api/v2/admin/points/autoexpiration,Create an automatic points expiration,https://developers.cafe24.com/docs/ko/api/admin/#retrieve-a-list-of-product-category-translations
mall.write_mileage,DELETE,/api/v2/admin/points/autoexpiration,Delete an automatic points expiration,https://developers.cafe24.com/docs/ko/api/admin/#retrieve-a-list-of-product-category-translations
mall.read_mileage,GET,/api/v2/admin/points/report,Retrieve a points report by date range,https://developers.cafe24.com/docs/ko/api/admin/#retrieve-a-list-of-product-category-translations
mall.read_notification,GET,/api/v2/admin/automails,Retrieve automated email settings,https://developers.cafe24.com/docs/ko/api/admin/#retrieve-a-list-of-product-category-translations
mall.write_notification,PUT,/api/v2/admin/automails,Update automated email settings,https://developers.cafe24.com/docs/ko/api/admin/#retrieve-a-list-of-product-category-translations
mall.write_notification,POST,/api/v2/admin/customers/{member_id}/invitation,Send an invitation to activate account,https://developers.cafe24.com/docs/ko/api/admin/#retrieve-a-list-of-product-category-translations
mall.read_notification,GET,/api/v2/admin/recipientgroups,Retrieve distribution group list,https://developers.cafe24.com/docs/ko/api/admin/#retrieve-a-list-of-product-category-translations
mall.read_notification,GET,/api/v2/admin/recipientgroups/{group_no},Retrieve distribution group details,https://developers.cafe24.com/docs/ko/api/admin/#retrieve-a-list-of-product-category-translations
mall.write_notification,POST,/api/v2/admin/recipientgroups,Create a distribution group,https://developers.cafe24.com/docs/ko/api/admin/#retrieve-a-list-of-product-category-translations
mall.write_notification,PUT,/api/v2/admin/recipientgroups/{group_no},Edit distribution group,https://developers.cafe24.com/docs/ko/api/admin/#retrieve-a-list-of-product-category-translations
mall.write_notification,DELETE,/api/v2/admin/recipientgroups/{group_no},Delete distribution group,https://developers.cafe24.com/docs/ko/api/admin/#retrieve-a-list-of-product-category-translations
mall.write_notification,POST,/api/v2/admin/sms,Send a SMS,https://developers.cafe24.com/docs/ko/api/admin/#retrieve-a-list-of-product-category-translations
mall.read_notification,GET,/api/v2/admin/sms/balance,Retrieve the SMS balance,https://developers.cafe24.com/docs/ko/api/admin/#retrieve-a-list-of-product-category-translations
mall.read_notification,GET,/api/v2/admin/sms/receivers,Retrieve a SMS recipient,https://developers.cafe24.com/docs/ko/api/admin/#retrieve-a-list-of-product-category-translations
mall.read_notification,GET,/api/v2/admin/sms/senders,Retrieve a list of SMS senders,https://developers.cafe24.com/docs/ko/api/admin/#retrieve-a-list-of-product-category-translations
mall.read_translation,GET,/api/v2/admin/translations/categories,Retrieve a list of product category translations,https://developers.cafe24.com/docs/ko/api/admin/#retrieve-a-list-of-product-category-translations
mall.write_translation,PUT,/api/v2/admin/translations/categories/{category_no},Update product category translation,https://developers.cafe24.com/docs/ko/api/admin/#retrieve-a-list-of-product-category-translations
mall.read_translation,GET,/api/v2/admin/translations/products,Retrieve a list of product translations,https://developers.cafe24.com/docs/ko/api/admin/#retrieve-a-list-of-product-category-translations
mall.write_translation,PUT,/api/v2/admin/translations/products/{product_no},Update product translation,https://developers.cafe24.com/docs/ko/api/admin/#retrieve-a-list-of-product-category-translations
mall.read_translation,GET,/api/v2/admin/translations/store,Retrieve a list of store translations,https://developers.cafe24.com/docs/ko/api/admin/#retrieve-a-list-of-product-category-translations
mall.write_translation,PUT,/api/v2/admin/translations/store,Update the translations of a store,https://developers.cafe24.com/docs/ko/api/admin/#retrieve-a-list-of-product-category-translations
mall.read_translation,GET,/api/v2/admin/translations/themes,Retrieve a list of theme translations,https://developers.cafe24.com/docs/ko/api/admin/#retrieve-a-list-of-product-category-translations
mall.read_translation,GET,/api/v2/admin/translations/themes/{skin_no},Retrieve a theme translation,https://developers.cafe24.com/docs/ko/api/admin/#retrieve-a-list-of-product-category-translations
mall.write_translation,PUT,/api/v2/admin/translations/themes/{skin_no},Update a theme translation,https://developers.cafe24.com/docs/ko/api/admin/#retrieve-a-list-of-product-category-translations
mall.read_analytics,GET,/api/v2/admin/financials/dailyvisits,Retrieve a count of dailyvisits,https://developers.cafe24.com/docs/ko/api/admin/#retrieve-a-list-of-product-category-translations